target_id,human_symbol,old_feature_value,new_feature_value,resolved_status,change,mouse_symbols,homozygous_tested_procedures,impc_release,release_date
2393,ABL1,0.0,,not_phenotyped,synthetic_zero_to_unknown,Abl1,0,DR24,2026-03-16
706,ABR,0.0,,not_phenotyped,synthetic_zero_to_unknown,Abr,0,DR24,2026-03-16
4704,ABRAXAS2,0.0,0.0,adequately_phenotyped_no_significant,unchanged,Abraxas2,13,DR24,2026-03-16
4090,ACACA,,,not_phenotyped,remains_unknown,Acaca,0,DR24,2026-03-16
334,ACLY,,,not_phenotyped,remains_unknown,Acly,0,DR24,2026-03-16
3647,ACP3,0.0,,not_phenotyped,synthetic_zero_to_unknown,Acp3,0,DR24,2026-03-16
2143,ADCYAP1,0.0,,not_phenotyped,synthetic_zero_to_unknown,Adcyap1,0,DR24,2026-03-16
1948,ADM,,,not_phenotyped,remains_unknown,Adm,0,DR24,2026-03-16
4184,ADRA1A,0.0,,not_phenotyped,synthetic_zero_to_unknown,Adra1a,0,DR24,2026-03-16
84,ADRB1,0.0,,not_phenotyped,synthetic_zero_to_unknown,Adrb1,0,DR24,2026-03-16
1235,AGER,,,not_phenotyped,remains_unknown,Ager,0,DR24,2026-03-16
620,AGTR1,0.0,,mapping_ambiguous,synthetic_zero_to_unknown,Agtr1a|Agtr1b,14,DR24,2026-03-16
1345,AHR,0.0,,not_phenotyped,synthetic_zero_to_unknown,Ahr,0,DR24,2026-03-16
5790,AKR1C3,0.0,,insufficient_phenotyping,synthetic_zero_to_unknown,Akr1c18,4,DR24,2026-03-16
17799,AKR1C4,0.0,,mapping_ambiguous,synthetic_zero_to_unknown,Akr1c20|Akr1c6,8,DR24,2026-03-16
1193,ALB,0.0,,not_phenotyped,synthetic_zero_to_unknown,Alb,0,DR24,2026-03-16
27882,ALG1L2,0.0,,mapping_unresolved,synthetic_zero_to_unknown,,0,DR24,2026-03-16
4849,ALK,0.0,,not_phenotyped,synthetic_zero_to_unknown,Alk,0,DR24,2026-03-16
1197,ALOX12,0.0,,not_phenotyped,synthetic_zero_to_unknown,Alox12,0,DR24,2026-03-16
712,ALOX5AP,0.0,,not_phenotyped,synthetic_zero_to_unknown,Alox5ap,0,DR24,2026-03-16
4703,AMBP,0.0,,not_phenotyped,synthetic_zero_to_unknown,Ambp,0,DR24,2026-03-16
20878,AMHR2,0.0,,not_phenotyped,synthetic_zero_to_unknown,Amhr2,0,DR24,2026-03-16
27757,ANKRD10-IT1,0.0,,mapping_unresolved,synthetic_zero_to_unknown,,0,DR24,2026-03-16
5873,ANXA4,0.0,,not_phenotyped,synthetic_zero_to_unknown,Anxa4,0,DR24,2026-03-16
2014,AOC3,0.0,,not_phenotyped,synthetic_zero_to_unknown,Aoc3,0,DR24,2026-03-16
27,APOB,0.0,,not_phenotyped,synthetic_zero_to_unknown,Apob,0,DR24,2026-03-16
1663,APOC2,0.0,,not_phenotyped,synthetic_zero_to_unknown,Apoc2,0,DR24,2026-03-16
106,APOC3,0.0,,not_phenotyped,synthetic_zero_to_unknown,Apoc3,0,DR24,2026-03-16
2351,APOL1,0.0,,not_phenotyped,synthetic_zero_to_unknown,Apol9a,0,DR24,2026-03-16
21316,AQP8,0.0,,not_phenotyped,synthetic_zero_to_unknown,Aqp8,0,DR24,2026-03-16
613,AR,0.0,,not_phenotyped,synthetic_zero_to_unknown,Ar,0,DR24,2026-03-16
5728,ARAF,0.0,,not_phenotyped,synthetic_zero_to_unknown,Araf,0,DR24,2026-03-16
2505,ARG1,0.0,,not_phenotyped,synthetic_zero_to_unknown,Arg1,0,DR24,2026-03-16
17094,ARRDC3,0.0,,not_phenotyped,synthetic_zero_to_unknown,Arrdc3,0,DR24,2026-03-16
18795,ARSA,0.0,,not_phenotyped,synthetic_zero_to_unknown,Arsa,0,DR24,2026-03-16
159,ATP4A,0.0,,not_phenotyped,synthetic_zero_to_unknown,Atp4a,0,DR24,2026-03-16
7120,AURKB,0.0,,not_phenotyped,synthetic_zero_to_unknown,Aurkb,0,DR24,2026-03-16
6767,AVPR2,0.0,,not_phenotyped,synthetic_zero_to_unknown,Avpr2,0,DR24,2026-03-16
2030,AXL,,,not_phenotyped,remains_unknown,Axl,0,DR24,2026-03-16
5491,B3GAT2,0.0,,not_phenotyped,synthetic_zero_to_unknown,B3gat2,0,DR24,2026-03-16
27940,B3GNT8,0.0,,not_phenotyped,synthetic_zero_to_unknown,B3gnt8,0,DR24,2026-03-16
5253,B4GALNT1,0.0,,not_phenotyped,synthetic_zero_to_unknown,B4galnt1,0,DR24,2026-03-16
2514,BACE1,,,not_phenotyped,remains_unknown,Bace1,0,DR24,2026-03-16
16824,BCKDK,0.0,,not_phenotyped,synthetic_zero_to_unknown,Bckdk,0,DR24,2026-03-16
1099,BCL11A,0.0,,not_phenotyped,synthetic_zero_to_unknown,Bcl11a,0,DR24,2026-03-16
2247,BCL2,0.0,,not_phenotyped,synthetic_zero_to_unknown,Bcl2,0,DR24,2026-03-16
2867,BCR,0.0,,not_phenotyped,synthetic_zero_to_unknown,Bcr,0,DR24,2026-03-16
1142,BDNF,0.0,,not_phenotyped,synthetic_zero_to_unknown,Bdnf,0,DR24,2026-03-16
5064,BIRC3,,0.0,adequately_phenotyped_no_significant,unknown_to_observed,Birc3,13,DR24,2026-03-16
4281,BPI,0.0,0.0,adequately_phenotyped_no_significant,unchanged,Bpi,16,DR24,2026-03-16
4876,BRAF,0.0,,not_phenotyped,synthetic_zero_to_unknown,Braf,0,DR24,2026-03-16
1531,BRDT,0.0,0.0,adequately_phenotyped_no_significant,unchanged,Brdt,15,DR24,2026-03-16
18470,BTLA,0.0,,not_phenotyped,synthetic_zero_to_unknown,Btla,0,DR24,2026-03-16
174,C1S,0.0,,mapping_ambiguous,synthetic_zero_to_unknown,C1s1|C1s2,0,DR24,2026-03-16
1307,C3,0.0,0.0,adequately_phenotyped_no_significant,unchanged,C3,23,DR24,2026-03-16
247,C5,0.0,1.0,significant_phenotype,synthetic_zero_to_observed,Hc,20,DR24,2026-03-16
2285,C5AR1,0.0,,not_phenotyped,synthetic_zero_to_unknown,C5ar1,0,DR24,2026-03-16
5378,CA8,0.0,4.0,significant_phenotype,synthetic_zero_to_observed,Car8,9,DR24,2026-03-16
7241,CACNA1H,,,not_phenotyped,remains_unknown,Cacna1h,0,DR24,2026-03-16
1880,CALCA,,,not_phenotyped,remains_unknown,Calca,0,DR24,2026-03-16
635,CALCRL,0.0,,not_phenotyped,synthetic_zero_to_unknown,Calcrl,0,DR24,2026-03-16
3955,CAPN1,0.0,,not_phenotyped,synthetic_zero_to_unknown,Capn1,0,DR24,2026-03-16
3252,CASP3,0.0,,not_phenotyped,synthetic_zero_to_unknown,Casp3,0,DR24,2026-03-16
4615,CASP9,0.0,,not_phenotyped,synthetic_zero_to_unknown,Casp9,0,DR24,2026-03-16
2604,CCL11,,,not_phenotyped,remains_unknown,Ccl11,0,DR24,2026-03-16
3819,CCN2,0.0,,not_phenotyped,synthetic_zero_to_unknown,Ccn2,0,DR24,2026-03-16
3967,CCND1,,,not_phenotyped,remains_unknown,Ccnd1,0,DR24,2026-03-16
6779,CCR4,0.0,,not_phenotyped,synthetic_zero_to_unknown,Ccr4,0,DR24,2026-03-16
2445,CCR5,0.0,,not_phenotyped,synthetic_zero_to_unknown,Ccr5,0,DR24,2026-03-16
4887,CD1D,0.0,3.0,significant_phenotype,synthetic_zero_to_observed,Cd1d1,12,DR24,2026-03-16
1556,CD274,0.0,,not_phenotyped,synthetic_zero_to_unknown,Cd274,0,DR24,2026-03-16
5715,CD3E,0.0,,not_phenotyped,synthetic_zero_to_unknown,Cd3e,0,DR24,2026-03-16
1224,CD4,0.0,,not_phenotyped,synthetic_zero_to_unknown,Cd4,0,DR24,2026-03-16
1439,CD40,,0.0,adequately_phenotyped_no_significant,unknown_to_observed,Cd40,16,DR24,2026-03-16
1200,CD40LG,0.0,,not_phenotyped,synthetic_zero_to_unknown,Cd40lg,0,DR24,2026-03-16
3795,CD44,0.0,,not_phenotyped,synthetic_zero_to_unknown,Cd44,0,DR24,2026-03-16
1548,CD47,0.0,,not_phenotyped,synthetic_zero_to_unknown,Cd47,0,DR24,2026-03-16
4299,CD70,0.0,,not_phenotyped,synthetic_zero_to_unknown,Cd70,0,DR24,2026-03-16
2947,CDK1,,,not_phenotyped,remains_unknown,Cdk1,0,DR24,2026-03-16
3792,CDK2,0.0,,not_phenotyped,synthetic_zero_to_unknown,Cdk2,0,DR24,2026-03-16
2321,CEACAM6,0.0,,mapping_unresolved,synthetic_zero_to_unknown,,0,DR24,2026-03-16
11,CETP,,,mapping_unresolved,remains_unknown,,0,DR24,2026-03-16
327,CFTR,0.0,,not_phenotyped,synthetic_zero_to_unknown,Cftr,0,DR24,2026-03-16
4269,CHEK1,,,not_phenotyped,remains_unknown,Chek1,0,DR24,2026-03-16
5634,CHRM1,0.0,,not_phenotyped,synthetic_zero_to_unknown,Chrm1,0,DR24,2026-03-16
5196,CHRM2,0.0,,not_phenotyped,synthetic_zero_to_unknown,Chrm2,0,DR24,2026-03-16
2293,CHRM3,0.0,,not_phenotyped,synthetic_zero_to_unknown,Chrm3,0,DR24,2026-03-16
7009,CKAP2,0.0,,not_phenotyped,synthetic_zero_to_unknown,Ckap2,0,DR24,2026-03-16
2188,CLCN2,,,not_phenotyped,remains_unknown,Clcn2,0,DR24,2026-03-16
16756,CLDN2,0.0,,not_phenotyped,synthetic_zero_to_unknown,Cldn2,0,DR24,2026-03-16
1870,CMA1,,,not_phenotyped,remains_unknown,Cma1,0,DR24,2026-03-16
1691,COL1A1,0.0,,not_phenotyped,synthetic_zero_to_unknown,Col1a1,0,DR24,2026-03-16
1808,COMP,0.0,,not_phenotyped,synthetic_zero_to_unknown,Comp,0,DR24,2026-03-16
21656,COX6A1,0.0,,insufficient_phenotyping,synthetic_zero_to_unknown,Cox6a1,0,DR24,2026-03-16
2559,CRHR1,0.0,,not_phenotyped,synthetic_zero_to_unknown,Crhr1,0,DR24,2026-03-16
17081,CRYL1,0.0,,insufficient_phenotyping,synthetic_zero_to_unknown,Cryl1,5,DR24,2026-03-16
2880,CSF1,,,not_phenotyped,remains_unknown,Csf1,0,DR24,2026-03-16
1363,CSF2,,,insufficient_phenotyping,remains_unknown,Csf2,6,DR24,2026-03-16
17852,CSF2RA,0.0,,not_phenotyped,synthetic_zero_to_unknown,Csf2ra,0,DR24,2026-03-16
5476,CSNK2A1,,,not_phenotyped,remains_unknown,Csnk2a1,0,DR24,2026-03-16
4535,CTLA4,0.0,,not_phenotyped,synthetic_zero_to_unknown,Ctla4,0,DR24,2026-03-16
4452,CTSC,0.0,,not_phenotyped,synthetic_zero_to_unknown,Ctsc,0,DR24,2026-03-16
381,CXCL8,0.0,,mapping_unresolved,synthetic_zero_to_unknown,,0,DR24,2026-03-16
1913,CYP11B1,0.0,,mapping_ambiguous,synthetic_zero_to_unknown,Cyp11b1|Cyp11b2,0,DR24,2026-03-16
1400,CYP11B2,0.0,,mapping_ambiguous,synthetic_zero_to_unknown,Cyp11b1|Cyp11b2,0,DR24,2026-03-16
2578,CYP3A4,0.0,,mapping_ambiguous,synthetic_zero_to_unknown,Cyp3a11|Cyp3a13|Cyp3a16|Cyp3a25|Cyp3a41a|Cyp3a44,13,DR24,2026-03-16
438,CYP46A1,,,not_phenotyped,remains_unknown,Cyp46a1,0,DR24,2026-03-16
22883,CYP51A1,0.0,,not_phenotyped,synthetic_zero_to_unknown,Cyp51,0,DR24,2026-03-16
5242,CYP8B1,0.0,,not_phenotyped,synthetic_zero_to_unknown,Cyp8b1,0,DR24,2026-03-16
6254,DAO,0.0,,not_phenotyped,synthetic_zero_to_unknown,Dao,0,DR24,2026-03-16
4660,DCP1B,0.0,0.0,adequately_phenotyped_no_significant,unchanged,Dcp1b,16,DR24,2026-03-16
4104,DCTN3,0.0,,not_phenotyped,synthetic_zero_to_unknown,Dctn3,0,DR24,2026-03-16
4337,DECR1,0.0,,not_phenotyped,synthetic_zero_to_unknown,Decr1,0,DR24,2026-03-16
2859,DGAT2,0.0,,not_phenotyped,synthetic_zero_to_unknown,Dgat2,0,DR24,2026-03-16
446,DHX36,0.0,,not_phenotyped,synthetic_zero_to_unknown,Dhx36,0,DR24,2026-03-16
17897,DLL3,0.0,,not_phenotyped,synthetic_zero_to_unknown,Dll3,0,DR24,2026-03-16
2790,DLL4,,,not_phenotyped,remains_unknown,Dll4,0,DR24,2026-03-16
2616,DNMT1,0.0,,not_phenotyped,synthetic_zero_to_unknown,Dnmt1,0,DR24,2026-03-16
17379,DPYSL5,0.0,,not_phenotyped,synthetic_zero_to_unknown,Dpysl5,0,DR24,2026-03-16
6509,DRD1,0.0,,not_phenotyped,synthetic_zero_to_unknown,Drd1,0,DR24,2026-03-16
2129,DRD2,0.0,,not_phenotyped,synthetic_zero_to_unknown,Drd2,0,DR24,2026-03-16
4419,DRD4,0.0,,not_phenotyped,synthetic_zero_to_unknown,Drd4,0,DR24,2026-03-16
2437,DSP-AS1,0.0,,mapping_unresolved,synthetic_zero_to_unknown,,0,DR24,2026-03-16
370,DUSP6,0.0,,not_phenotyped,synthetic_zero_to_unknown,Dusp6,0,DR24,2026-03-16
23516,DXO,0.0,,not_phenotyped,synthetic_zero_to_unknown,Dxo,0,DR24,2026-03-16
658,DYNC2LI1,,,not_phenotyped,remains_unknown,Dync2li1,0,DR24,2026-03-16
3738,EDNRB,,,not_phenotyped,remains_unknown,Ednrb,0,DR24,2026-03-16
4188,EGLN1,0.0,,not_phenotyped,synthetic_zero_to_unknown,Egln1,0,DR24,2026-03-16
1725,EPHX2,,,not_phenotyped,remains_unknown,Ephx2,0,DR24,2026-03-16
1140,EPOR,,,not_phenotyped,remains_unknown,Epor,0,DR24,2026-03-16
3299,ERBB3,0.0,,not_phenotyped,synthetic_zero_to_unknown,Erbb3,0,DR24,2026-03-16
346,ERBB4,0.0,,not_phenotyped,synthetic_zero_to_unknown,Erbb4,0,DR24,2026-03-16
3601,ERN1,0.0,,not_phenotyped,synthetic_zero_to_unknown,Ern1,0,DR24,2026-03-16
27973,ESAM-AS1,0.0,,mapping_unresolved,synthetic_zero_to_unknown,,0,DR24,2026-03-16
670,ESR1,0.0,,not_phenotyped,synthetic_zero_to_unknown,Esr1,0,DR24,2026-03-16
353,F11,0.0,,not_phenotyped,synthetic_zero_to_unknown,F11,0,DR24,2026-03-16
6637,F12,0.0,,not_phenotyped,synthetic_zero_to_unknown,F12,0,DR24,2026-03-16
1395,F2RL3,,,not_phenotyped,remains_unknown,F2rl3,0,DR24,2026-03-16
1904,F8,0.0,,not_phenotyped,synthetic_zero_to_unknown,F8,0,DR24,2026-03-16
349,F9,0.0,,not_phenotyped,synthetic_zero_to_unknown,F9,0,DR24,2026-03-16
3529,FASN,0.0,,not_phenotyped,synthetic_zero_to_unknown,Fasn,0,DR24,2026-03-16
1719,FCGR3A,0.0,,not_phenotyped,synthetic_zero_to_unknown,Fcgr4,0,DR24,2026-03-16
18805,FCGRT,0.0,,not_phenotyped,synthetic_zero_to_unknown,Fcgrt,0,DR24,2026-03-16
1118,FGF1,,,not_phenotyped,remains_unknown,Fgf1,0,DR24,2026-03-16
1141,FGF21,0.0,,not_phenotyped,synthetic_zero_to_unknown,Fgf21,0,DR24,2026-03-16
1849,FGFR2,0.0,,not_phenotyped,synthetic_zero_to_unknown,Fgfr2,0,DR24,2026-03-16
3397,FGFR3,0.0,,not_phenotyped,synthetic_zero_to_unknown,Fgfr3,0,DR24,2026-03-16
104,FLT1,0.0,,not_phenotyped,synthetic_zero_to_unknown,Flt1,0,DR24,2026-03-16
18936,GABBR1,0.0,,not_phenotyped,synthetic_zero_to_unknown,Gabbr1,0,DR24,2026-03-16
367,GABRA1,0.0,,not_phenotyped,synthetic_zero_to_unknown,Gabra1,0,DR24,2026-03-16
365,GABRB3,0.0,,not_phenotyped,synthetic_zero_to_unknown,Gabrb3,0,DR24,2026-03-16
18221,GBP1,0.0,,mapping_unresolved,synthetic_zero_to_unknown,,0,DR24,2026-03-16
1161,GDF15,0.0,0.0,adequately_phenotyped_no_significant,unchanged,Gdf15,18,DR24,2026-03-16
1341,GGT5,0.0,,not_phenotyped,synthetic_zero_to_unknown,Ggt5,0,DR24,2026-03-16
3968,GHSR,0.0,0.0,adequately_phenotyped_no_significant,unchanged,Ghsr,23,DR24,2026-03-16
4120,GLA,0.0,,insufficient_phenotyping,synthetic_zero_to_unknown,Gla,12,DR24,2026-03-16
3823,GLP2R,0.0,,not_phenotyped,synthetic_zero_to_unknown,Glp2r,0,DR24,2026-03-16
6608,GMFB,,,not_phenotyped,remains_unknown,Gmfb,0,DR24,2026-03-16
5594,GNRHR,0.0,,not_phenotyped,synthetic_zero_to_unknown,Gnrhr,0,DR24,2026-03-16
4822,GP5,0.0,,not_phenotyped,synthetic_zero_to_unknown,Gp5,0,DR24,2026-03-16
20843,GPR119,0.0,0.0,adequately_phenotyped_no_significant,unchanged,Gpr119,18,DR24,2026-03-16
6176,GRIA4,,,not_phenotyped,remains_unknown,Gria4,0,DR24,2026-03-16
6513,GRM2,0.0,,not_phenotyped,synthetic_zero_to_unknown,Grm2,0,DR24,2026-03-16
5013,GRM4,,0.0,adequately_phenotyped_no_significant,unknown_to_observed,Grm4,14,DR24,2026-03-16
6207,GRM5,,,insufficient_phenotyping,remains_unknown,Grm5,2,DR24,2026-03-16
5915,GSC,0.0,,not_phenotyped,synthetic_zero_to_unknown,Gsc,0,DR24,2026-03-16
3298,GSK3B,0.0,,not_phenotyped,synthetic_zero_to_unknown,Gsk3b,0,DR24,2026-03-16
3,GUCY1A1,0.0,,not_phenotyped,synthetic_zero_to_unknown,Gucy1a1,0,DR24,2026-03-16
6,GUCY1B1,0.0,,not_phenotyped,synthetic_zero_to_unknown,Gucy1b1,0,DR24,2026-03-16
1642,HAMP,0.0,,mapping_ambiguous,synthetic_zero_to_unknown,Hamp|Hamp2,0,DR24,2026-03-16
5422,HAO1,0.0,,not_phenotyped,synthetic_zero_to_unknown,Hao1,0,DR24,2026-03-16
4516,HBA1,,,mapping_ambiguous,remains_unknown,Hba-a1|Hba-a2,0,DR24,2026-03-16
3618,HBB,0.0,,mapping_ambiguous,synthetic_zero_to_unknown,Hbb-bs|Hbb-bt,12,DR24,2026-03-16
4373,HCRTR1,0.0,,not_phenotyped,synthetic_zero_to_unknown,Hcrtr1,0,DR24,2026-03-16
17256,HCRTR2,0.0,,not_phenotyped,synthetic_zero_to_unknown,Hcrtr2,0,DR24,2026-03-16
3984,HDAC6,0.0,,not_phenotyped,synthetic_zero_to_unknown,Hdac6,0,DR24,2026-03-16
1867,HES6,0.0,,not_phenotyped,synthetic_zero_to_unknown,Hes6,0,DR24,2026-03-16
1937,HGF,0.0,,not_phenotyped,synthetic_zero_to_unknown,Hgf,0,DR24,2026-03-16
5,HMGCR,0.0,,not_phenotyped,synthetic_zero_to_unknown,Hmgcr,0,DR24,2026-03-16
4270,HRH2,,,not_phenotyped,remains_unknown,Hrh2,0,DR24,2026-03-16
3173,HRH3,,,not_phenotyped,remains_unknown,Hrh3,0,DR24,2026-03-16
2268,HSD11B1,0.0,,not_phenotyped,synthetic_zero_to_unknown,Hsd11b1,0,DR24,2026-03-16
1520,HTR1A,0.0,0.0,adequately_phenotyped_no_significant,unchanged,Htr1a,23,DR24,2026-03-16
3301,HTR2A,0.0,,not_phenotyped,synthetic_zero_to_unknown,Htr2a,0,DR24,2026-03-16
6858,HTR2C,0.0,,not_phenotyped,synthetic_zero_to_unknown,Htr2c,0,DR24,2026-03-16
22720,HTR6,0.0,,not_phenotyped,synthetic_zero_to_unknown,Htr6,0,DR24,2026-03-16
5961,HTRA3,0.0,,insufficient_phenotyping,synthetic_zero_to_unknown,Htra3,8,DR24,2026-03-16
1133,ICAM1,0.0,,not_phenotyped,synthetic_zero_to_unknown,Icam1,0,DR24,2026-03-16
2378,ICAM2,0.0,,insufficient_phenotyping,synthetic_zero_to_unknown,Icam2,11,DR24,2026-03-16
4861,IFNB1,,,not_phenotyped,remains_unknown,Ifnb1,0,DR24,2026-03-16
1456,IFNL1,0.0,,not_phenotyped,synthetic_zero_to_unknown,Ifnl2,0,DR24,2026-03-16
1320,IGF1,,,not_phenotyped,remains_unknown,Igf1,0,DR24,2026-03-16
4853,IGF1R,0.0,,not_phenotyped,synthetic_zero_to_unknown,Igf1r,0,DR24,2026-03-16
1688,IGHE,,,mapping_unresolved,remains_unknown,,0,DR24,2026-03-16
7091,IGHG1,0.0,,mapping_unresolved,synthetic_zero_to_unknown,,0,DR24,2026-03-16
3455,IGLC2,0.0,,mapping_unresolved,synthetic_zero_to_unknown,,0,DR24,2026-03-16
2040,IL10,0.0,,not_phenotyped,synthetic_zero_to_unknown,Il10,0,DR24,2026-03-16
19453,IL11RA,0.0,,mapping_ambiguous,synthetic_zero_to_unknown,Il11ra1|Il11ra2|Il11ra3,0,DR24,2026-03-16
7105,IL17C,0.0,,not_phenotyped,synthetic_zero_to_unknown,Il17c,0,DR24,2026-03-16
5500,IL17D,0.0,,not_phenotyped,synthetic_zero_to_unknown,Il17d,0,DR24,2026-03-16
1242,IL18,0.0,0.0,adequately_phenotyped_no_significant,unchanged,Il18,19,DR24,2026-03-16
1377,IL1B,0.0,,not_phenotyped,synthetic_zero_to_unknown,Il1b,0,DR24,2026-03-16
4100,IL1RAP,0.0,,not_phenotyped,synthetic_zero_to_unknown,Il1rap,0,DR24,2026-03-16
1155,IL23A,0.0,,not_phenotyped,synthetic_zero_to_unknown,Il23a,0,DR24,2026-03-16
1802,IL2RG,0.0,,not_phenotyped,synthetic_zero_to_unknown,Il2rg,0,DR24,2026-03-16
3830,IL3RA,0.0,0.0,adequately_phenotyped_no_significant,unchanged,Il3ra,16,DR24,2026-03-16
5222,IL4R,0.0,,not_phenotyped,synthetic_zero_to_unknown,Il4ra,0,DR24,2026-03-16
1807,IL5,0.0,,not_phenotyped,synthetic_zero_to_unknown,Il5,0,DR24,2026-03-16
6665,IL5RA,0.0,,not_phenotyped,synthetic_zero_to_unknown,Il5ra,0,DR24,2026-03-16
406,IL6,0.0,0.0,adequately_phenotyped_no_significant,unchanged,Il6,19,DR24,2026-03-16
77,IL6R,0.0,4.0,significant_phenotype,synthetic_zero_to_observed,Il6ra,21,DR24,2026-03-16
2365,IL7R,0.0,,not_phenotyped,synthetic_zero_to_unknown,Il7r,0,DR24,2026-03-16
20900,IMPDH1,,,not_phenotyped,remains_unknown,Impdh1,0,DR24,2026-03-16
19548,INHA,0.0,,not_phenotyped,synthetic_zero_to_unknown,Inha,0,DR24,2026-03-16
6027,INHBA,0.0,,not_phenotyped,synthetic_zero_to_unknown,Inhba,0,DR24,2026-03-16
6525,INPP5D,,,insufficient_phenotyping,remains_unknown,Inpp5d,2,DR24,2026-03-16
17836,INSC,0.0,,not_phenotyped,synthetic_zero_to_unknown,Insc,0,DR24,2026-03-16
727,INSR,0.0,,not_phenotyped,synthetic_zero_to_unknown,Insr,0,DR24,2026-03-16
1527,ITGB7,0.0,,not_phenotyped,synthetic_zero_to_unknown,Itgb7,0,DR24,2026-03-16
4648,JAK1,0.0,,not_phenotyped,synthetic_zero_to_unknown,Jak1,0,DR24,2026-03-16
2878,JAK2,0.0,,not_phenotyped,synthetic_zero_to_unknown,Jak2,0,DR24,2026-03-16
17502,KAT6A,0.0,,not_phenotyped,synthetic_zero_to_unknown,Kat6a,0,DR24,2026-03-16
2053,KCNA3,0.0,,not_phenotyped,synthetic_zero_to_unknown,Kcna3,0,DR24,2026-03-16
2662,KCNQ1,,,not_phenotyped,remains_unknown,Kcnq1,0,DR24,2026-03-16
6045,KCNQ2,0.0,,not_phenotyped,synthetic_zero_to_unknown,Kcnq2,0,DR24,2026-03-16
1300,KDR,0.0,,not_phenotyped,synthetic_zero_to_unknown,Kdr,0,DR24,2026-03-16
2515,KEAP1,0.0,,not_phenotyped,synthetic_zero_to_unknown,Keap1,0,DR24,2026-03-16
4764,KHK,0.0,,not_phenotyped,synthetic_zero_to_unknown,Khk,0,DR24,2026-03-16
18251,KIR2DL1,0.0,,mapping_ambiguous,synthetic_zero_to_unknown,Kir3dl1|Kir3dl2,2,DR24,2026-03-16
16790,KIR3DL2,0.0,,mapping_ambiguous,synthetic_zero_to_unknown,Kir3dl1|Kir3dl2,2,DR24,2026-03-16
2936,KIT,0.0,,not_phenotyped,synthetic_zero_to_unknown,Kit,0,DR24,2026-03-16
16979,KLRC1,,,mapping_ambiguous,remains_unknown,Klrc1|Klrc2|Klrc3,6,DR24,2026-03-16
2164,KRAS,0.0,,not_phenotyped,synthetic_zero_to_unknown,Kras,0,DR24,2026-03-16
27914,KRT222,0.0,,not_phenotyped,synthetic_zero_to_unknown,Krt222,0,DR24,2026-03-16
1432,LAG3,0.0,,not_phenotyped,synthetic_zero_to_unknown,Lag3,0,DR24,2026-03-16
2181,LANCL1,0.0,0.0,adequately_phenotyped_no_significant,unchanged,Lancl1,16,DR24,2026-03-16
1206,LGALS3,0.0,0.0,adequately_phenotyped_no_significant,unchanged,Lgals3,17,DR24,2026-03-16
25708,LILRA4,0.0,,mapping_ambiguous,synthetic_zero_to_unknown,Lilra6|Pira12|Pira13|Pira2,0,DR24,2026-03-16
3684,LILRB2,0.0,,not_phenotyped,synthetic_zero_to_unknown,Pirb,0,DR24,2026-03-16
17835,LINC01356,0.0,,mapping_unresolved,synthetic_zero_to_unknown,,0,DR24,2026-03-16
27969,LINC02023,0.0,,mapping_unresolved,synthetic_zero_to_unknown,,0,DR24,2026-03-16
37,LIPA,0.0,,not_phenotyped,synthetic_zero_to_unknown,Lipa,0,DR24,2026-03-16
24,LPA,0.0,,mapping_unresolved,synthetic_zero_to_unknown,,0,DR24,2026-03-16
4525,LRRC4,0.0,,not_phenotyped,synthetic_zero_to_unknown,Lrrc4,0,DR24,2026-03-16
5582,LRRK2,0.0,,insufficient_phenotyping,synthetic_zero_to_unknown,Lrrk2,8,DR24,2026-03-16
17074,MADCAM1,0.0,,not_phenotyped,synthetic_zero_to_unknown,Madcam1,0,DR24,2026-03-16
23775,MAGEA3,0.0,,mapping_unresolved,synthetic_zero_to_unknown,,0,DR24,2026-03-16
24674,MAGEA4,0.0,,mapping_unresolved,synthetic_zero_to_unknown,,0,DR24,2026-03-16
2467,MALT1,0.0,,not_phenotyped,synthetic_zero_to_unknown,Malt1,0,DR24,2026-03-16
3543,MAP3K5,0.0,,not_phenotyped,synthetic_zero_to_unknown,Map3k5,0,DR24,2026-03-16
5623,MAP4K1,0.0,,not_phenotyped,synthetic_zero_to_unknown,Map4k1,0,DR24,2026-03-16
4231,MAPK10,,0.0,adequately_phenotyped_no_significant,unknown_to_observed,Mapk10,14,DR24,2026-03-16
397,MAPK14,,,not_phenotyped,remains_unknown,Mapk14,0,DR24,2026-03-16
3388,MAPK3,0.0,,not_phenotyped,synthetic_zero_to_unknown,Mapk3,0,DR24,2026-03-16
2970,MAPK8,0.0,,not_phenotyped,synthetic_zero_to_unknown,Mapk8,0,DR24,2026-03-16
4285,MAPK8IP3,0.0,,not_phenotyped,synthetic_zero_to_unknown,Mapk8ip3,0,DR24,2026-03-16
3548,MASP2,0.0,,not_phenotyped,synthetic_zero_to_unknown,Masp2,0,DR24,2026-03-16
2406,MAT1A,0.0,,not_phenotyped,synthetic_zero_to_unknown,Mat1a,0,DR24,2026-03-16
767,MC4R,0.0,,not_phenotyped,synthetic_zero_to_unknown,Mc4r,0,DR24,2026-03-16
5617,MDM2,0.0,,not_phenotyped,synthetic_zero_to_unknown,Mdm2,0,DR24,2026-03-16
6005,MEN1,0.0,,not_phenotyped,synthetic_zero_to_unknown,Men1,0,DR24,2026-03-16
3625,MET,0.0,,not_phenotyped,synthetic_zero_to_unknown,Met,0,DR24,2026-03-16
17066,METAP2,0.0,,not_phenotyped,synthetic_zero_to_unknown,Metap2,0,DR24,2026-03-16
27925,METTL25B,0.0,,not_phenotyped,synthetic_zero_to_unknown,Mettl25b,0,DR24,2026-03-16
6479,MGAM,0.0,,not_phenotyped,synthetic_zero_to_unknown,Mgam,0,DR24,2026-03-16
27927,MGARP,0.0,,not_phenotyped,synthetic_zero_to_unknown,Mgarp,0,DR24,2026-03-16
7000,MIR132,0.0,,mapping_unresolved,synthetic_zero_to_unknown,,0,DR24,2026-03-16
36737,MIR155HG,0.0,,mapping_unresolved,synthetic_zero_to_unknown,,0,DR24,2026-03-16
27951,MIR452,0.0,,mapping_unresolved,synthetic_zero_to_unknown,,0,DR24,2026-03-16
429,MMP12,0.0,0.0,adequately_phenotyped_no_significant,unchanged,Mmp12,16,DR24,2026-03-16
1071,MPO,0.0,,insufficient_phenotyping,synthetic_zero_to_unknown,Mpo,6,DR24,2026-03-16
6258,MRGPRX2,0.0,,mapping_ambiguous,synthetic_zero_to_unknown,Mrgpra1|Mrgpra3|Mrgpra4|Mrgpra9|Mrgprb1|Mrgprb2|Mrgprb3|Mrgprb4|Mrgprx1|Mrgprx2,33,DR24,2026-03-16
16855,MRPL15,0.0,,not_phenotyped,synthetic_zero_to_unknown,Mrpl15,0,DR24,2026-03-16
3291,MS4A1,0.0,,not_phenotyped,synthetic_zero_to_unknown,Ms4a1,0,DR24,2026-03-16
20944,MSLN,0.0,,not_phenotyped,synthetic_zero_to_unknown,Msln,0,DR24,2026-03-16
4214,MTNR1A,,,not_phenotyped,remains_unknown,Mtnr1a,0,DR24,2026-03-16
5186,MUC1,0.0,,not_phenotyped,synthetic_zero_to_unknown,Muc1,0,DR24,2026-03-16
1275,MUC16,0.0,,not_phenotyped,synthetic_zero_to_unknown,Muc16,0,DR24,2026-03-16
6535,MUC2,0.0,,not_phenotyped,synthetic_zero_to_unknown,Muc2,0,DR24,2026-03-16
6909,MUC4,0.0,,not_phenotyped,synthetic_zero_to_unknown,Muc4,0,DR24,2026-03-16
3581,MYH7,0.0,,not_phenotyped,synthetic_zero_to_unknown,Myh7,0,DR24,2026-03-16
4924,MYLK,0.0,,not_phenotyped,synthetic_zero_to_unknown,Mylk,0,DR24,2026-03-16
22949,NANOG,0.0,,not_phenotyped,synthetic_zero_to_unknown,Nanog,0,DR24,2026-03-16
17227,NFE4,0.0,,mapping_unresolved,synthetic_zero_to_unknown,,0,DR24,2026-03-16
4008,NFKB2,,,not_phenotyped,remains_unknown,Nfkb2,0,DR24,2026-03-16
142,NGF,0.0,,not_phenotyped,synthetic_zero_to_unknown,Ngf,0,DR24,2026-03-16
5349,NIF3L1,0.0,,not_phenotyped,synthetic_zero_to_unknown,Nif3l1,0,DR24,2026-03-16
836,NLRP3,0.0,,not_phenotyped,synthetic_zero_to_unknown,Nlrp3,0,DR24,2026-03-16
3228,NOB1,,,not_phenotyped,remains_unknown,Nob1,0,DR24,2026-03-16
3945,NOX1,,0.0,adequately_phenotyped_no_significant,unknown_to_observed,Nox1,20,DR24,2026-03-16
1717,NPR1,0.0,,not_phenotyped,synthetic_zero_to_unknown,Npr1,0,DR24,2026-03-16
933,NQO1,0.0,,not_phenotyped,synthetic_zero_to_unknown,Nqo1,0,DR24,2026-03-16
1040,NR3C1,0.0,,not_phenotyped,synthetic_zero_to_unknown,Nr3c1,0,DR24,2026-03-16
28561,NTRAS,0.0,,mapping_unresolved,synthetic_zero_to_unknown,,0,DR24,2026-03-16
5330,OGA,0.0,,not_phenotyped,synthetic_zero_to_unknown,Oga,0,DR24,2026-03-16
1180,OLR1,0.0,,not_phenotyped,synthetic_zero_to_unknown,Olr1,0,DR24,2026-03-16
5376,OPRK1,0.0,,not_phenotyped,synthetic_zero_to_unknown,Oprk1,0,DR24,2026-03-16
261,OPRM1,0.0,,not_phenotyped,synthetic_zero_to_unknown,Oprm1,0,DR24,2026-03-16
27913,OR5M8,0.0,,not_phenotyped,synthetic_zero_to_unknown,Or5m8,0,DR24,2026-03-16
5844,OSMR,0.0,,not_phenotyped,synthetic_zero_to_unknown,Osmr,0,DR24,2026-03-16
16870,OSR2,0.0,,not_phenotyped,synthetic_zero_to_unknown,Osr2,0,DR24,2026-03-16
22281,OVCH1,0.0,,mapping_unresolved,synthetic_zero_to_unknown,,0,DR24,2026-03-16
17260,OXGR1,,0.0,adequately_phenotyped_no_significant,unknown_to_observed,Oxgr1,19,DR24,2026-03-16
3872,P2RX3,0.0,,not_phenotyped,synthetic_zero_to_unknown,P2rx3,0,DR24,2026-03-16
16,P2RY12,0.0,,not_phenotyped,synthetic_zero_to_unknown,P2ry12,0,DR24,2026-03-16
1419,PDCD1,0.0,,not_phenotyped,synthetic_zero_to_unknown,Pdcd1,0,DR24,2026-03-16
9,PDE3A,0.0,,not_phenotyped,synthetic_zero_to_unknown,Pde3a,0,DR24,2026-03-16
56,PDE4A,,,not_phenotyped,remains_unknown,Pde4a,0,DR24,2026-03-16
33,PDE4B,0.0,,not_phenotyped,synthetic_zero_to_unknown,Pde4b,0,DR24,2026-03-16
52,PDE4D,0.0,,not_phenotyped,synthetic_zero_to_unknown,Pde4d,0,DR24,2026-03-16
68,PDE9A,0.0,,not_phenotyped,synthetic_zero_to_unknown,Pde9a,0,DR24,2026-03-16
3151,PDGFB,0.0,,not_phenotyped,synthetic_zero_to_unknown,Pdgfb,0,DR24,2026-03-16
4146,PGR,0.0,,not_phenotyped,synthetic_zero_to_unknown,Pgr,0,DR24,2026-03-16
2458,PIK3CA,0.0,,not_phenotyped,synthetic_zero_to_unknown,Pik3ca,0,DR24,2026-03-16
2457,PIK3CD,0.0,,not_phenotyped,synthetic_zero_to_unknown,Pik3cd,0,DR24,2026-03-16
3669,PIK3R1,,,not_phenotyped,remains_unknown,Pik3r1,0,DR24,2026-03-16
7001,PIP4P2,0.0,,not_phenotyped,synthetic_zero_to_unknown,Pip4p2,0,DR24,2026-03-16
19915,PISD,0.0,,not_phenotyped,synthetic_zero_to_unknown,Pisd,0,DR24,2026-03-16
19452,PKLR,,,not_phenotyped,remains_unknown,Pklr,0,DR24,2026-03-16
17,PLG,0.0,,not_phenotyped,synthetic_zero_to_unknown,Plg,0,DR24,2026-03-16
27748,PNLIPRP3,0.0,,mapping_unresolved,synthetic_zero_to_unknown,,0,DR24,2026-03-16
129,PNPLA3,0.0,,not_phenotyped,synthetic_zero_to_unknown,Pnpla3,0,DR24,2026-03-16
18737,PORCN,0.0,,not_phenotyped,synthetic_zero_to_unknown,Porcn,0,DR24,2026-03-16
1272,PPARD,0.0,,not_phenotyped,synthetic_zero_to_unknown,Ppard,0,DR24,2026-03-16
834,PPP1R2B,0.0,,mapping_unresolved,synthetic_zero_to_unknown,,0,DR24,2026-03-16
3885,PRDX1,0.0,,not_phenotyped,synthetic_zero_to_unknown,Prdx1,0,DR24,2026-03-16
2234,PRKAA1,0.0,,not_phenotyped,synthetic_zero_to_unknown,Prkaa1,0,DR24,2026-03-16
1845,PRKAR2B,0.0,,not_phenotyped,synthetic_zero_to_unknown,Prkar2b,0,DR24,2026-03-16
3416,PRKCB,0.0,,not_phenotyped,synthetic_zero_to_unknown,Prkcb,0,DR24,2026-03-16
3634,PROC,0.0,,not_phenotyped,synthetic_zero_to_unknown,Proc,0,DR24,2026-03-16
23511,PSENEN,0.0,,not_phenotyped,synthetic_zero_to_unknown,Psenen,0,DR24,2026-03-16
3000,PSMB8,0.0,,not_phenotyped,synthetic_zero_to_unknown,Psmb8,0,DR24,2026-03-16
18463,PSMD1,0.0,,not_phenotyped,synthetic_zero_to_unknown,Psmd1,0,DR24,2026-03-16
2399,PTEN,0.0,,not_phenotyped,synthetic_zero_to_unknown,Pten,0,DR24,2026-03-16
6877,PTGDR2,,,not_phenotyped,remains_unknown,Ptgdr2,0,DR24,2026-03-16
3592,PTGER4,0.0,,not_phenotyped,synthetic_zero_to_unknown,Ptger4,0,DR24,2026-03-16
7299,PTGFR,0.0,,not_phenotyped,synthetic_zero_to_unknown,Ptgfr,0,DR24,2026-03-16
5161,PTGIR,0.0,,not_phenotyped,synthetic_zero_to_unknown,Ptgir,0,DR24,2026-03-16
18,PTGS2,0.0,,not_phenotyped,synthetic_zero_to_unknown,Ptgs2,0,DR24,2026-03-16
398,PTK2,0.0,,not_phenotyped,synthetic_zero_to_unknown,Ptk2,0,DR24,2026-03-16
1519,PTPN11,0.0,,not_phenotyped,synthetic_zero_to_unknown,Ptpn11,0,DR24,2026-03-16
3927,RARA,0.0,,not_phenotyped,synthetic_zero_to_unknown,Rara,0,DR24,2026-03-16
17728,RARG,0.0,,not_phenotyped,synthetic_zero_to_unknown,Rarg,0,DR24,2026-03-16
27922,REEP4,0.0,,not_phenotyped,synthetic_zero_to_unknown,Reep4,0,DR24,2026-03-16
660,REN,0.0,0.0,adequately_phenotyped_no_significant,unchanged,Ren1,14,DR24,2026-03-16
2736,RET,0.0,,not_phenotyped,synthetic_zero_to_unknown,Ret,0,DR24,2026-03-16
6205,RGMA,0.0,,not_phenotyped,synthetic_zero_to_unknown,Rgma,0,DR24,2026-03-16
3893,RIPK1,0.0,,not_phenotyped,synthetic_zero_to_unknown,Ripk1,0,DR24,2026-03-16
22789,RNASEH1,0.0,,not_phenotyped,synthetic_zero_to_unknown,Rnaseh1,0,DR24,2026-03-16
1679,ROCK2,0.0,,not_phenotyped,synthetic_zero_to_unknown,Rock2,0,DR24,2026-03-16
27948,ROGDI,0.0,,insufficient_phenotyping,synthetic_zero_to_unknown,Rogdi,1,DR24,2026-03-16
4534,RORC,0.0,,not_phenotyped,synthetic_zero_to_unknown,Rorc,0,DR24,2026-03-16
3154,ROS1,0.0,,not_phenotyped,synthetic_zero_to_unknown,Ros1,0,DR24,2026-03-16
3274,RPSA,0.0,,not_phenotyped,synthetic_zero_to_unknown,Rpsa,0,DR24,2026-03-16
904,RSPO3,,,not_phenotyped,remains_unknown,Rspo3,0,DR24,2026-03-16
6888,RTL1,0.0,,not_phenotyped,synthetic_zero_to_unknown,Rtl1,0,DR24,2026-03-16
1526,RXFP1,0.0,,not_phenotyped,synthetic_zero_to_unknown,Rxfp1,0,DR24,2026-03-16
21697,RXRB,0.0,,not_phenotyped,synthetic_zero_to_unknown,Rxrb,0,DR24,2026-03-16
2646,S1PR1,0.0,,not_phenotyped,synthetic_zero_to_unknown,S1pr1,0,DR24,2026-03-16
1504,S1PR5,,,not_phenotyped,remains_unknown,S1pr5,0,DR24,2026-03-16
4803,SARDH,0.0,,insufficient_phenotyping,synthetic_zero_to_unknown,Sardh,8,DR24,2026-03-16
22186,SC5D,0.0,,not_phenotyped,synthetic_zero_to_unknown,Sc5d,0,DR24,2026-03-16
27930,SCDP1,0.0,,mapping_unresolved,synthetic_zero_to_unknown,,0,DR24,2026-03-16
5590,SCN10A,0.0,,not_phenotyped,synthetic_zero_to_unknown,Scn10a,0,DR24,2026-03-16
6083,SCN1A,0.0,,not_phenotyped,synthetic_zero_to_unknown,Scn1a,0,DR24,2026-03-16
308,SCN5A,0.0,,not_phenotyped,synthetic_zero_to_unknown,Scn5a,0,DR24,2026-03-16
6086,SCN9A,0.0,,not_phenotyped,synthetic_zero_to_unknown,Scn9a,0,DR24,2026-03-16
1253,SELE,,,not_phenotyped,remains_unknown,Sele,0,DR24,2026-03-16
1121,SELP,0.0,,not_phenotyped,synthetic_zero_to_unknown,Selp,0,DR24,2026-03-16
1646,SELPLG,0.0,,not_phenotyped,synthetic_zero_to_unknown,Selplg,0,DR24,2026-03-16
48,SERPINA1,0.0,,mapping_ambiguous,synthetic_zero_to_unknown,Serpina1a|Serpina1b|Serpina1c|Serpina1d|Serpina1e,0,DR24,2026-03-16
110,SERPINC1,0.0,,not_phenotyped,synthetic_zero_to_unknown,Serpinc1,0,DR24,2026-03-16
51,SERPINH1,0.0,,not_phenotyped,synthetic_zero_to_unknown,Serpinh1,0,DR24,2026-03-16
2998,SESN2,0.0,,not_phenotyped,synthetic_zero_to_unknown,Sesn2,0,DR24,2026-03-16
17847,SIGLEC8,0.0,,not_phenotyped,synthetic_zero_to_unknown,Siglece,0,DR24,2026-03-16
18003,SLAMF7,0.0,,not_phenotyped,synthetic_zero_to_unknown,Slamf7,0,DR24,2026-03-16
5906,SLC11A2,0.0,,not_phenotyped,synthetic_zero_to_unknown,Slc11a2,0,DR24,2026-03-16
4612,SLC12A3,0.0,,not_phenotyped,synthetic_zero_to_unknown,Slc12a3,0,DR24,2026-03-16
6163,SLC18A2,0.0,,not_phenotyped,synthetic_zero_to_unknown,Slc18a2,0,DR24,2026-03-16
4466,SLC22A12,0.0,,not_phenotyped,synthetic_zero_to_unknown,Slc22a12,0,DR24,2026-03-16
5400,SLC3A2,0.0,,not_phenotyped,synthetic_zero_to_unknown,Slc3a2,0,DR24,2026-03-16
1730,SLC5A1,,,not_phenotyped,remains_unknown,Slc5a1,0,DR24,2026-03-16
6155,SLC6A1,0.0,,not_phenotyped,synthetic_zero_to_unknown,Slc6a1,0,DR24,2026-03-16
6393,SLC6A9,0.0,,not_phenotyped,synthetic_zero_to_unknown,Slc6a9,0,DR24,2026-03-16
98,SMAD7,0.0,,not_phenotyped,synthetic_zero_to_unknown,Smad7,0,DR24,2026-03-16
16890,SMN2,0.0,,not_phenotyped,synthetic_zero_to_unknown,Smn1,0,DR24,2026-03-16
5212,SMPD1,0.0,,not_phenotyped,synthetic_zero_to_unknown,Smpd1,0,DR24,2026-03-16
3651,SNCG,0.0,0.0,adequately_phenotyped_no_significant,unchanged,Sncg,24,DR24,2026-03-16
1296,SOAT1,0.0,,not_phenotyped,synthetic_zero_to_unknown,Soat1,0,DR24,2026-03-16
1485,SOD1,0.0,,not_phenotyped,synthetic_zero_to_unknown,Sod1,0,DR24,2026-03-16
831,SOD2,0.0,,not_phenotyped,synthetic_zero_to_unknown,Sod2,0,DR24,2026-03-16
7082,SOS1,0.0,,not_phenotyped,synthetic_zero_to_unknown,Sos1,0,DR24,2026-03-16
1082,SOST,0.0,,not_phenotyped,synthetic_zero_to_unknown,Sost,0,DR24,2026-03-16
27765,SPAM1,0.0,,mapping_ambiguous,synthetic_zero_to_unknown,Hyal5|Spam1,0,DR24,2026-03-16
6494,SPHK2,0.0,,not_phenotyped,synthetic_zero_to_unknown,Sphk2,0,DR24,2026-03-16
2291,STAT3,0.0,,not_phenotyped,synthetic_zero_to_unknown,Stat3,0,DR24,2026-03-16
6272,SV2A,0.0,,not_phenotyped,synthetic_zero_to_unknown,Sv2a,0,DR24,2026-03-16
17042,TAAR1,0.0,,not_phenotyped,synthetic_zero_to_unknown,Taar1,0,DR24,2026-03-16
6284,TACR1,0.0,,not_phenotyped,synthetic_zero_to_unknown,Tacr1,0,DR24,2026-03-16
5831,TAS2R62P,0.0,,mapping_unresolved,synthetic_zero_to_unknown,,0,DR24,2026-03-16
1500,TBXT,0.0,,not_phenotyped,synthetic_zero_to_unknown,T,0,DR24,2026-03-16
571,TERT,,,not_phenotyped,remains_unknown,Tert,0,DR24,2026-03-16
1489,TF,0.0,13.0,significant_phenotype,synthetic_zero_to_observed,Trf,7,DR24,2026-03-16
1170,TFPI,0.0,,not_phenotyped,synthetic_zero_to_unknown,Tfpi,0,DR24,2026-03-16
161,TGFB1,0.0,,not_phenotyped,synthetic_zero_to_unknown,Tgfb1,0,DR24,2026-03-16
3305,TGFBR1,0.0,,not_phenotyped,synthetic_zero_to_unknown,Tgfbr1,0,DR24,2026-03-16
2949,TLR3,0.0,,not_phenotyped,synthetic_zero_to_unknown,Tlr3,0,DR24,2026-03-16
891,TLR5,0.0,,not_phenotyped,synthetic_zero_to_unknown,Tlr5,0,DR24,2026-03-16
6485,TLR7,0.0,,not_phenotyped,synthetic_zero_to_unknown,Tlr7,0,DR24,2026-03-16
3406,TLR8,,,not_phenotyped,remains_unknown,Tlr8,0,DR24,2026-03-16
2801,TLR9,0.0,,not_phenotyped,synthetic_zero_to_unknown,Tlr9,0,DR24,2026-03-16
2886,TNC,,,not_phenotyped,remains_unknown,Tnc,0,DR24,2026-03-16
644,TNF,0.0,,not_phenotyped,synthetic_zero_to_unknown,Tnf,0,DR24,2026-03-16
7218,TNFRSF13C,,,not_phenotyped,remains_unknown,Tnfrsf13c,0,DR24,2026-03-16
1448,TNFRSF4,0.0,,not_phenotyped,synthetic_zero_to_unknown,Tnfrsf4,0,DR24,2026-03-16
7248,TNFRSF8,0.0,,not_phenotyped,synthetic_zero_to_unknown,Tnfrsf8,0,DR24,2026-03-16
3331,TNFSF11,0.0,,not_phenotyped,synthetic_zero_to_unknown,Tnfsf11,0,DR24,2026-03-16
4082,TNFSF13,0.0,,not_phenotyped,synthetic_zero_to_unknown,Tnfsf13,0,DR24,2026-03-16
1471,TNFSF13B,0.0,,not_phenotyped,synthetic_zero_to_unknown,Tnfsf13b,0,DR24,2026-03-16
3003,TNFSF14,,,not_phenotyped,remains_unknown,Tnfsf14,0,DR24,2026-03-16
1255,TNFSF4,0.0,,not_phenotyped,synthetic_zero_to_unknown,Tnfsf4,0,DR24,2026-03-16
872,TOP1,0.0,,not_phenotyped,synthetic_zero_to_unknown,Top1,0,DR24,2026-03-16
1467,TP53,0.0,5.0,significant_phenotype,synthetic_zero_to_observed,Trp53,13,DR24,2026-03-16
27912,TPD52L3,0.0,,not_phenotyped,synthetic_zero_to_unknown,Trpd52l3,0,DR24,2026-03-16
6204,TPH1,0.0,,not_phenotyped,synthetic_zero_to_unknown,Tph1,0,DR24,2026-03-16
1454,TREM2,0.0,,not_phenotyped,synthetic_zero_to_unknown,Trem2,0,DR24,2026-03-16
27993,TRGV4,0.0,,mapping_unresolved,synthetic_zero_to_unknown,,0,DR24,2026-03-16
34830,TRM1,,,mapping_unresolved,remains_unknown,,0,DR24,2026-03-16
17251,TRPC4,0.0,,not_phenotyped,synthetic_zero_to_unknown,Trpc4,0,DR24,2026-03-16
16983,TRPC5,0.0,,insufficient_phenotyping,synthetic_zero_to_unknown,Trpc5,8,DR24,2026-03-16
3395,TRPC6,0.0,0.0,adequately_phenotyped_no_significant,unchanged,Trpc6,14,DR24,2026-03-16
6201,TRPM8,0.0,,not_phenotyped,synthetic_zero_to_unknown,Trpm8,0,DR24,2026-03-16
2957,TRPV1,0.0,,not_phenotyped,synthetic_zero_to_unknown,Trpv1,0,DR24,2026-03-16
27842,TTYH2,0.0,0.0,adequately_phenotyped_no_significant,unchanged,Ttyh2,16,DR24,2026-03-16
259,TUBB,0.0,,not_phenotyped,synthetic_zero_to_unknown,Tubb5,0,DR24,2026-03-16
2153,TXN,0.0,,not_phenotyped,synthetic_zero_to_unknown,Txn1,0,DR24,2026-03-16
1402,TYMS,0.0,,insufficient_phenotyping,synthetic_zero_to_unknown,Tyms,0,DR24,2026-03-16
7238,UBA3,,,not_phenotyped,remains_unknown,Uba3,0,DR24,2026-03-16
3817,UTRN,,,not_phenotyped,remains_unknown,Utrn,0,DR24,2026-03-16
222,VEGFA,0.0,,not_phenotyped,synthetic_zero_to_unknown,Vegfa,0,DR24,2026-03-16
213,VWF,0.0,,not_phenotyped,synthetic_zero_to_unknown,Vwf,0,DR24,2026-03-16
7060,XCL1,0.0,0.0,adequately_phenotyped_no_significant,unchanged,Xcl1,16,DR24,2026-03-16
3636,ZNF606,0.0,,insufficient_phenotyping,synthetic_zero_to_unknown,Zfp606,0,DR24,2026-03-16
27865,ZNF829,0.0,,mapping_unresolved,synthetic_zero_to_unknown,,0,DR24,2026-03-16
